﻿<?xml version="1.0" encoding="utf-8"?>
<deployment>
  <id>83da593f-ee7b-4c2c-a490-49a8eadd3e98</id>
  <author>N/A</author>
  <deployer>OneDeploy</deployer>
  <authorEmail>N/A</authorEmail>
  <message>OneDeploy</message>
  <progress></progress>
  <status>Success</status>
  <statusText></statusText>
  <lastSuccessEndTime>2025-12-10T04:16:21.8873802Z</lastSuccessEndTime>
  <receivedTime>2025-12-10T04:15:32.79422Z</receivedTime>
  <startTime>2025-12-10T04:15:34.1357398Z</startTime>
  <endTime>2025-12-10T04:16:21.8873802Z</endTime>
  <complete>True</complete>
  <is_temp>False</is_temp>
  <is_readonly>True</is_readonly>
  <buildSummary />
</deployment>