<step title="Incoming Request" date="2025-12-10T04:15:17.359" instance="f9df0d" url="/api/publish?type=zip" method="POST" type="request" pid="834,1,5" Accept="*/*" Host="mentalhealthjournal-webapp.scm.azurewebsites.net" User-Agent="AZURECLI/2.74.0 (HOMEBREW)" Accept-Encoding="gzip, deflate" Authorization="Bas..." Cache-Control="no-cache" Content-Type="application/octet-stream" Content-Length="76456216" x-ms-client-request-id="41458db4-d57e-11f0-9c36-acde48001122" x-ms-artifact-checksum="cf1eed8c0175b7fe1d2c3016fce8924b12cc6cccfc7fbe019a6d7193b73e640e" X-ARR-LOG-ID="41458db4-d57e-11f0-9c36-acde48001122" CLIENT-IP="73.43.34.158:52189" X-SITE-DEPLOYMENT-ID="MentalHealthJournal-WebApp" WAS-DEFAULT-HOSTNAME="mentalhealthjournal-webapp.scm.azurewebsites.net" X-Forwarded-Proto="https" X-AppService-Proto="https" X-Forwarded-TlsVersion="1.3" X-WAWS-Unencoded-URL="/api/publish?type=zip" X-Client-IP="73.43.34.158" X-Client-Port="52189" >
  <step title="OneDeploy" date="2025-12-10T04:15:18.225" >
    <step title="None repository commit" date="2025-12-10T04:15:18.243" >
      <step title="Commit id: 83da593f-ee7b-4c2c-a490-49a8eadd3e98" date="2025-12-10T04:15:18.246" Message="N/A" AuthorName="N/A" AuthorEmail="N/A" /><!-- duration: 3ms -->
    </step><!-- duration: 8ms -->
    <step title="Starting PushDeployAsync" date="2025-12-10T04:15:18.254" /><!-- duration: 2ms -->
    <step title="Writing artifact to /tmp/zipdeploy/d9f1f957-81cc-45d9-9b68-a47031587374.zip" date="2025-12-10T04:15:18.277" >
      <step title="Writing multipart request body to /tmp/zipdeploy/d9f1f957-81cc-45d9-9b68-a47031587374.zip" date="2025-12-10T04:15:18.283" /><!-- duration: 31ms -->
    </step><!-- duration: 3755ms -->
    <step title="Attempting to fetch target branch HEAD" date="2025-12-10T04:15:22.090" /><!-- duration: 32ms -->
    <step title="Acquiring Deployment Lock" date="2025-12-10T04:15:22.171" /><!-- duration: 21ms -->
    <step title="Acquired Deployment Lock" date="2025-12-10T04:15:22.348" /><!-- duration: 2ms -->
    <step title="Performing fetch based deployment" date="2025-12-10T04:15:22.357" >
      <step title="Creating temporary deployment" date="2025-12-10T04:15:22.364" /><!-- duration: 83ms -->
      <step title="Releasing Deployment Lock" date="2025-12-10T04:15:23.631" /><!-- duration: 5ms -->
      <step title="Cleaning up temp folders from previous zip deployments and extracting pushed zip file /tmp/zipdeploy/d9f1f957-81cc-45d9-9b68-a47031587374.zip (72.91 MB) to /tmp/zipdeploy/extracted" date="2025-12-10T04:15:23.792" >
        <step title="ChmodRecursive Process exited with total time taken in ms: 98" date="2025-12-10T04:15:30.287" /><!-- duration: 4ms -->
      </step><!-- duration: 6524ms -->
      <step title="None repository commit" date="2025-12-10T04:15:30.320" >
        <step title="Commit id: 83da593f-ee7b-4c2c-a490-49a8eadd3e98" date="2025-12-10T04:15:30.322" Message="OneDeploy" AuthorName="N/A" AuthorEmail="N/A" /><!-- duration: 5ms -->
      </step><!-- duration: 9ms -->
      <step title="Deployment timer started" date="2025-12-10T04:15:32.519" >
        <step title="DeploymentManager.Deploy(id:83da593f-ee7b-4c2c-a490-49a8eadd3e98)" date="2025-12-10T04:15:32.571" >
          <step title="Collecting changeset information" date="2025-12-10T04:15:32.722" /><!-- duration: 130ms -->
          <step title="Updating submodules" date="2025-12-10T04:15:32.856" /><!-- duration: 1118ms -->
          <step title="Determining deployment builder" date="2025-12-10T04:15:34.200" >
            <step title="Builder is OneDeployBuilder" date="2025-12-10T04:15:34.219" /><!-- duration: 3ms -->
          </step><!-- duration: 25ms -->
          <step title="PreDeployment: context.CleanOutputPath False" date="2025-12-10T04:15:34.286" >
            <step title="PreDeployment: context.OutputPath /home/site/wwwroot" date="2025-12-10T04:15:34.426" >
              <step title="Building" date="2025-12-10T04:15:34.568" >
                <step title="Executing external process" date="2025-12-10T04:15:35.033" type="process" path="starter.sh" arguments="/opt/Kudu/Scripts/parallel_rsync.sh /tmp/zipdeploy/extracted /home/site/wwwroot 8 /tmp/ False False  " /><!-- duration: 45977ms -->
                <step title="Modified file to trigger a restart of the app container." date="2025-12-10T04:16:21.500" /><!-- duration: 2ms -->
                <step title="Skip function trigger and logicapp sync because function is not enabled." date="2025-12-10T04:16:21.510" /><!-- duration: 3ms -->
              </step><!-- duration: 47746ms -->
            </step><!-- duration: 47899ms -->
            <step title="Cleaning up temp files" date="2025-12-10T04:16:22.328" /><!-- duration: 10ms -->
            <step title="Cleaning up temp files" date="2025-12-10T04:16:22.340" /><!-- duration: 520ms -->
            <step title="Reloading status file with latest updates" date="2025-12-10T04:16:22.890" >
              <step title="WebHooksManager.PublishEventAsync: PostDeployment" date="2025-12-10T04:16:22.894" /><!-- duration: 120ms -->
            </step><!-- duration: 127ms -->
            <step title="Cleaning up temporary deployment - fetch deployment was successful" date="2025-12-10T04:16:23.042" /><!-- duration: 3ms -->
          </step><!-- duration: 48827ms -->
        </step><!-- duration: 50562ms -->
        <step title="Outgoing response" date="2025-12-10T04:16:23.180" type="response" statusCode="200" statusText="OK" /><!-- duration: 10ms -->
      </step><!-- duration: 50674ms -->
